USE MHS;





INSERT INTO FACILITY (FacID, Street, City, State, Zip, Size, Ftype) 
VALUES 

(101, '123 Oak Avenue', 'Springfield', 'IL', '62701', 2500, 'Office'),
(102, '456 Maple Street', 'Riverside', 'CA', '92501', 1800, 'Office'),
(103, '789 Pine Boulevard', 'Lakeview', 'TX', '75001', 2200, 'OPS'),
(104, '567 Walnut Avenue', 'Hilltown', 'MA', '01002', 3000, 'OPS'),
(105, '890 Pine Street', 'Riverdale', 'GA', '30274', 2000, 'OPS'),
(106, '234 Birch Street', 'Hilltown', 'MA', '01002', 2800, 'Office'),
(107, '567 Oak Lane', 'Valleyview', 'AZ', '85001', 2200, 'OPS'),
(108, '890 Elm Road', 'Springfield', 'IL', '62701', 2000, 'OPS'),
(109, '123 Pine Boulevard', 'Lakeview', 'TX', '75001', 2400, 'OPS'),
(110, '456 Cedar Avenue', 'Otherville', 'CA', '67890', 3000, 'Office'),
(111, '789 Maple Street', 'Riverdale', 'GA', '30274', 1800, 'Office'),
(112, '101 Oak Avenue', 'Smalltown', 'TX', '54321', 2500, 'OPS'),
(113, '345 Elm Lane', 'Springfield', 'IL', '62701', 2200, 'OPS'),
(114, '678 Pine Road', 'Hilltown', 'MA', '01002', 2600, 'Office'),
(115, '901 Cedar Street', 'Riverdale', 'GA', '30274', 1900, 'OPS');

INSERT INTO EMPLOYEE (EmpID, SSN, E_FacID, Street, City, State, Zip, FName, LName, Minit, Salary, Hiredate, Jobclass) 
VALUES 
(301, '114223333', 101, '123 Elm Street', 'Hilltown', 'MA', '01002', 'Emily', 'Jones', 'K', 55000.00, '2023-08-15', 'MD'),
(302, '444556666', 102, '456 Cedar Lane', 'Valleyview', 'AZ', '85001', 'Matthew', 'Brown', 'R', 48000.00, '2023-09-20', 'Nurse'),
(303, '777889999', 103, '789 Pine Street', 'Riverdale', 'GA', '30274', 'Sophia', 'Davis', 'P', 40000.00, '2023-10-10', 'Admin'),
(304, '222334444', 101, '456 Elm Street', 'Springfield', 'IL', '62702', 'Michael', 'Anderson', 'K', 65000.00, '2023-10-15', 'HCP'),
(305, '999001234', 104, '567 Maple Lane', 'Springfield', 'IL', '62701', 'Jennifer', 'Martinez', 'L', 60000.00, '2023-11-25', 'MD'),
(306, '331445555', 105, '890 Oak Street', 'Riverdale', 'GA', '30274', 'Daniel', 'Garcia', 'S', 50000.00, '2023-12-10', 'Nurse'),
(307, '111223333', 106, '234 Elm Street', 'Hilltown', 'MA', '01002', 'Jessica', 'Rodriguez', 'M', 60000.00, '2024-01-05', 'MD'),
(308, '446556666', 107, '567 Maple Lane', 'Valleyview', 'AZ', '85001', 'Christopher', 'Lopez', 'A', 52000.00, '2024-01-10', 'Nurse'),
(309, '774889999', 108, '890 Elm Street', 'Springfield', 'IL', '62701', 'Sarah', 'Perez', 'K', 45000.00, '2024-02-15', 'Admin'),
(310, '221334444', 109, '123 Pine Street', 'Lakeview', 'TX', '75001', 'David', 'Gonzalez', 'R', 68000.00, '2024-02-20', 'HCP'),
(311, '555667777', 110, '456 Cedar Lane', 'Otherville', 'CA', '67890', 'Rachel', 'Martinez', 'P', 55000.00, '2024-03-05', 'MD'),
(312, '888990000', 111, '789 Maple Street', 'Riverdale', 'GA', '30274', 'Eric', 'Hernandez', 'L', 48000.00, '2024-03-10', 'Nurse'),
(313, '333445555', 112, '101 Oak Avenue', 'Smalltown', 'TX', '54321', 'Danielle', 'Torres', 'S', 40000.00, '2024-04-15', 'Admin'),
(314, '666778888', 113, '345 Elm Street', 'Springfield', 'IL', '62701', 'Tyler', 'Lopez', 'T', 62000.00, '2024-04-20', 'HCP'),
(315, '991001234', 114, '678 Pine Lane', 'Hilltown', 'MA', '01002', 'Amanda', 'Garcia', 'J', 53000.00, '2024-05-05', 'MD'),
(316, '123456789', 115, '901 Cedar Avenue', 'Riverdale', 'GA', '30274', 'Kevin', 'Diaz', 'W', 46000.00, '2024-05-10', 'Nurse');

INSERT INTO ADMIN (A_EmpID, Job_Title) 
VALUES
(309, 'Admin Manager'),
(313, 'Billing Manager'),
(303, 'Finance Officer');


INSERT INTO NURSE (N_EmpID, Certification) 
VALUES
(306, 'Registered Nurse'), 
(308, 'Registered Nurse'),
(312, 'Licensed Practical Nurse'),
(316, 'Certified Nursing Assistant'),

(302, 'Licensed Practical Nurse');

INSERT INTO OTHER_HCP (HCP_EmpID, Job_Title) 
VALUES 
(314, 'Physical Therapist'),
(310, 'Chiropractor'),
(304, 'Pharmacist');

INSERT INTO DOCTOR (D_EmpID, BC_Date, Speciality) 
VALUES 
(305, '2005-03-20', 'Pediatrics'),
(307, '2000-06-20', 'Neurology'),
(311, '2001-07-25', 'Dermatology'),
(315, '2002-08-30', 'Family Medicine'),
(301, '2000-05-15', 'Cardiology');

INSERT INTO OFFICE (O_FacID, Office_count) 
VALUES
(101, 8),
(102, 6),
(106, 9),
(110, 7),
(111, 5),
(114, 6);

INSERT INTO OUTPATIENT_SURGERY (OP_FacID, Room_count, P_code, Des) 
VALUES 
(103, 4, 'S103', 'Ophthalmology Surgery'),
(104, 6, 'S104', 'Plastic Surgery'),
(105, 5, 'S105', 'Dental Surgery'),
(107, 4, 'S106', 'Endoscopy'),
(108, 3, 'S107', 'Laser Eye Surgery'),
(109, 7, 'S108', 'Cosmetic Surgery'),
(112, 6, 'S109', 'Podiatric Surgery'),
(113, 4, 'S110', 'Mohs Surgery'),
(115, 5, 'S111', 'Neurosurgery');

INSERT INTO INSURANCE_COMPANY (Ins_ID, IName, Street, City, State, Zip) 
VALUES
(2003, 'HealthSure Insurance', '123 Pine Street', 'Springfield', 'IL', '62701'),
(2004, 'SecureHealth Insurance', '456 Oak Avenue', 'Hilltown', 'MA', '01002'),
(2005, 'HealthPro Insurance', '234 Oak Avenue', 'Valleyview', 'AZ', '85001'),
(2006, 'SafeGuard Insurance', '567 Pine Lane', 'Otherville', 'CA', '67890'),
(2007, 'SecureCare Insurance', '890 Cedar Street', 'Riverdale', 'GA', '30274'),
(2008, 'LifeGuard Insurance', '101 Birch Road', 'Smalltown', 'TX', '54321'),
(2009, 'AssureCare Insurance', '345 Maple Boulevard', 'Springfield', 'IL', '62701'),
(2010, 'FirstChoice Insurance', '678 Elm Avenue', 'Hilltown', 'MA', '01002'),
(2011, 'Allied Insurance', '901 Pine Street', 'Lakeview', 'TX', '75001'),
(2012, 'MediShield Insurance', '123 Cedar Lane', 'Springfield', 'IL', '62701'),
(2013, 'HealthPlus Insurance', '456 Maple Road', 'Hilltown', 'MA', '01002'),
(2014, 'PrimeCare Insurance', '789 Elm Boulevard', 'Riverdale', 'GA', '30274'), 
(2001, 'HealthGuard Insurance', '789 Oak Avenue', 'Smalltown', 'TX', '54321'),
(2002, 'MediSafe Insurance', '101 Pine Road', 'Lakeview', 'TX', '75001');

INSERT INTO PATIENT (P_id, FName, LName, Minit, Street, City, State, Zip, Primary_D_EmpID, P_Ins_id) 
VALUES 
(3003, 'David', 'Wilson', 'S', '789 Cedar Street', 'Valleyview', 'AZ', '85001', 305, 2003),
(3004, 'Emma', 'Taylor', 'L', '101 Elm Avenue', 'Lakeview', 'TX', '75001', 305, 2004),
(3005, 'Olivia', 'Brown', 'J', '234 Pine Avenue', 'Springfield', 'IL', '62701', 311, 2005),
(3006, 'Daniel', 'Hernandez', 'P', '567 Cedar Lane', 'Valleyview', 'AZ', '85001', 315, 2006),
(3007, 'Sophia', 'Martinez', 'D', '890 Oak Avenue', 'Springfield', 'IL', '62701', 315, 2007),
(3008, 'Mason', 'Gonzalez', 'A', '101 Elm Street', 'Lakeview', 'TX', '75001', 301, 2008),
(3009, 'Isabella', 'Perez', 'B', '345 Maple Street', 'Hilltown', 'MA', '01002', 305, 2009),
(3010, 'Alexander', 'Lopez', 'S', '678 Pine Lane', 'Riverdale', 'GA', '30274', 307, 2010),
(3011, 'Charlotte', 'Rodriguez', 'C', '901 Cedar Avenue', 'Smalltown', 'TX', '54321', 311, 2011),
(3012, 'William', 'Garcia', 'E', '123 Pine Road', 'Otherville', 'CA', '67890', 315, 2012),
(3013, 'Ava', 'Hernandez', 'F', '456 Cedar Street', 'Lakeview', 'TX', '75001', 301, 2013),
(3014, 'Liam', 'Martinez', 'G', '789 Elm Road', 'Hilltown', 'MA', '01002', 307, 2014),
(3001, 'Alice', 'Smith', 'M', '123 Oak St', 'Springfield', 'IL', '62701', 301, 2001),
(3002, 'Bob', 'Johnson', 'A', '456 Elm St', 'Otherville', 'CA', '67890', 301, 2002);

INSERT INTO TREATS (D_EmpID, P_ID) 
VALUES 
(305, 3003),
(305, 3004),
(311, 3005),
(315, 3006),
(315, 3007),
(301, 3008),
(305, 3009),
(307, 3010),
(311, 3011),
(315, 3012),
(301, 3013),
(307, 3014),
(301,3001),
(301, 3002);

INSERT INTO MAKES_APPOINTMENT (App_D_EID, App_P_ID, App_F_ID, Date_Time) 
VALUES 
(305, 3001, 115, '2024-04-20 10:00:00'),
(305, 3002, 114, '2024-04-20 09:00:00'),
(311, 3003, 113, '2024-04-20 08:00:00'),
(315, 3004, 112, '2024-04-20 09:30:00'),
(315, 3005, 111, '2024-04-20 10:15:00'),
(301, 3006, 110, '2024-04-20 11:45:00'),
(305, 3007, 101, '2024-04-20 13:00:00'),
(307, 3008, 108, '2024-04-20 14:30:00'),
(311, 3010, 107, '2024-04-20 15:45:00'),
(315, 3011, 106, '2024-04-20 16:30:00'),
(301, 3012, 105, '2024-04-20 17:15:00'),
(307, 3013, 104, '2024-04-20 18:00:00'),
(301,3014, 103,'2024-04-21 10:10:00'),
(301, 3009, 109, '2024-04-21 11:00:00'),


(305, 3007, 102, '2024-04-21 10:00:00'),
(305, 3008, 107, '2024-04-21 09:00:00'),
(311, 3009, 104, '2024-04-21 08:00:00'),
(315, 3010, 103, '2024-04-21 09:30:00'),
(315, 3011, 102, '2024-04-21 10:15:00'),
(301, 3012, 101, '2024-04-21 11:45:00'),
(305, 3013, 109, '2024-04-21 13:00:00'),
(307, 3014, 111, '2024-04-21 14:30:00'),
(311, 3001, 114, '2024-04-21 15:45:00'),
(315, 3002, 113, '2024-04-21 16:30:00'),
(301, 3003, 115, '2024-04-21 17:15:00'),
(307, 3004, 103, '2024-04-21 18:00:00'),
(301,3005, 106,'2024-04-22 10:10:00'),
(301, 3006, 108, '2024-04-22 11:00:00'),



(305, 3003, 104, '2024-04-22 10:00:00'),
(305, 3004, 105, '2024-04-22 09:00:00'),
(311, 3005, 106, '2024-04-22 08:00:00'),
(315, 3006, 107, '2024-04-22 09:30:00'),
(315, 3007, 108, '2024-04-22 10:15:00'),
(301, 3008, 109, '2024-04-22 11:45:00'),
(305, 3009, 110, '2024-04-22 13:00:00'),
(307, 3010, 111, '2024-04-22 14:30:00'),
(311, 3011, 112, '2024-04-22 15:45:00'),
(315, 3012, 113, '2024-04-22 16:30:00'),
(301, 3013, 114, '2024-04-22 17:15:00'),
(307, 3014, 115, '2024-04-22 18:00:00'),
(301,3001, 102,'2024-04-23 10:10:00'),
(301, 3002, 101, '2024-04-23 11:00:00'),


(305, 3010, 107, '2024-04-23 10:00:00'),
(305, 3011, 106, '2024-04-23 09:00:00'),
(311, 3012, 105, '2024-04-23 08:00:00'),
(315, 3013, 104, '2024-04-23 09:30:00'),
(315, 3014, 103, '2024-04-23 10:15:00'),
(301, 3001, 102, '2024-04-23 11:45:00'),
(305, 3009, 101, '2024-04-23 13:00:00'),
(307, 3008, 111, '2024-04-23 14:30:00'),
(311, 3007, 109, '2024-04-23 15:45:00'),
(315, 3006, 112, '2024-04-23 16:30:00'),
(301, 3005, 113, '2024-04-23 17:15:00'),
(307, 3002, 114, '2024-04-23 18:00:00'),
(301,3003, 106,'2024-04-24 10:10:00'),
(301, 3004, 104, '2024-04-24 11:00:00'),

(305, 3010, 101, '2024-04-24 10:00:00'),
(305, 3011, 103, '2024-04-24 09:00:00'),
(311, 3012, 105, '2024-04-24 08:00:00'),
(315, 3014, 109, '2024-04-24 09:30:00'),
(315, 3005, 107, '2024-04-24 10:15:00'),
(301, 3006, 111, '2024-04-24 11:45:00'),
(305, 3007, 113, '2024-04-24 13:00:00'),
(307, 3008, 115, '2024-04-24 14:30:00'),
(311, 3009, 102, '2024-04-24 15:45:00'),
(315, 3001, 104, '2024-04-24 16:30:00'),
(301, 3003, 106, '2024-04-24 17:15:00'),
(307, 3004, 108, '2024-04-24 18:00:00'),

(305, 3006, 110, '2024-04-29 10:00:00'),
(305, 3008, 112, '2024-04-29 09:00:00'),
(311, 3009, 114, '2024-04-29 08:00:00'),
(315, 3002, 103, '2024-04-29 09:30:00'),
(315, 3003, 104, '2024-04-29 10:15:00'),
(301, 3005, 105, '2024-04-29 11:45:00'),
(305, 3004, 106, '2024-04-29 13:00:00'),
(307, 3001, 107, '2024-04-29 14:30:00'),
(311, 3012, 108, '2024-04-29 15:45:00'),
(315, 3011, 109, '2024-04-29 16:30:00'),
(301, 3014, 111, '2024-04-29 17:15:00'),
(307, 3013, 101, '2024-04-29 18:00:00'),
(301,3014, 113,'2024-04-30 10:10:00'),
(301, 3013, 110, '2024-04-30 11:00:00'),

(305, 3012, 108, '2024-04-30 10:00:00'),
(305, 3011, 109, '2024-04-30 09:00:00'),
(311, 3010, 105, '2024-04-30 08:00:00'),
(315, 3009, 104, '2024-04-30 09:30:00'),
(315, 3008, 103, '2024-04-30 10:15:00'),
(301, 3007, 102, '2024-04-30 11:45:00'),
(305, 3006, 101, '2024-04-30 13:00:00'),
(307, 3005, 113, '2024-04-30 14:30:00'),
(311, 3004, 114, '2024-04-30 15:45:00'),
(315, 3003, 115, '2024-04-30 16:30:00'),
(301, 3002, 112, '2024-04-30 17:15:00'),
(307, 3001, 111, '2024-04-30 18:00:00'),


(305, 3001, 115, '2024-03-10 10:00:00'),
(305, 3002, 114, '2024-03-10 09:00:00'),
(311, 3003, 113, '2024-03-10 08:00:00'),
(315, 3004, 112, '2024-03-10 09:30:00'),
(315, 3005, 111, '2024-03-10 10:15:00'),
(301, 3006, 110, '2024-03-10 11:45:00'),
(305, 3007, 101, '2024-03-10 13:00:00'),
(307, 3008, 108, '2024-03-10 14:30:00'),
(311, 3010, 107, '2024-03-10 15:45:00'),
(315, 3011, 106, '2024-03-10 16:30:00'),
(301, 3012, 105, '2024-03-10 17:15:00'),
(307, 3013, 104, '2024-03-10 18:00:00'),
(301,3014, 103,'2024-03-11 10:10:00'),
(301, 3009, 109, '2024-03-11 11:00:00'),


(305, 3007, 102, '2024-03-11 10:00:00'),
(305, 3008, 107, '2024-03-11 09:00:00'),
(311, 3009, 104, '2024-03-11 08:00:00'),
(315, 3010, 103, '2024-03-11 09:30:00'),
(315, 3011, 102, '2024-03-11 10:15:00'),
(301, 3012, 101, '2024-03-11 11:45:00'),
(305, 3013, 109, '2024-03-11 13:00:00'),
(307, 3014, 111, '2024-03-11 14:30:00'),
(311, 3001, 114, '2024-03-11 15:45:00'),
(315, 3002, 113, '2024-03-11 16:30:00'),
(301, 3003, 115, '2024-03-11 17:15:00'),
(307, 3004, 103, '2024-03-11 18:00:00'),
(301,3005, 106,'2024-03-12 10:10:00'),
(301, 3006, 108, '2024-03-12 11:00:00'),



(305, 3003, 104, '2024-03-12 10:00:00'),
(305, 3004, 105, '2024-03-12 09:00:00'),
(311, 3005, 106, '2024-03-12 08:00:00'),
(315, 3006, 107, '2024-03-12 09:30:00'),
(315, 3007, 108, '2024-03-12 10:15:00'),
(301, 3008, 109, '2024-03-12 11:45:00'),
(305, 3009, 110, '2024-03-12 13:00:00'),
(307, 3010, 111, '2024-03-12 14:30:00'),
(311, 3011, 112, '2024-03-12 15:45:00'),
(315, 3012, 113, '2024-03-12 16:30:00'),
(301, 3013, 114, '2024-03-12 17:15:00'),
(307, 3014, 115, '2024-03-12 18:00:00'),
(301,3001, 102,'2024-03-13 10:10:00'),
(301, 3002, 101, '2024-03-13 11:00:00'),


(305, 3010, 107, '2024-03-13 10:00:00'),
(305, 3011, 106, '2024-03-13 09:00:00'),
(311, 3012, 105, '2024-03-13 08:00:00'),
(315, 3013, 104, '2024-03-13 09:30:00'),
(315, 3014, 103, '2024-03-13 10:15:00'),
(301, 3001, 102, '2024-03-13 11:45:00'),
(305, 3009, 101, '2024-03-13 13:00:00'),
(307, 3008, 111, '2024-03-13 14:30:00'),
(311, 3007, 109, '2024-03-13 15:45:00'),
(315, 3006, 112, '2024-03-13 16:30:00'),
(301, 3005, 113, '2024-03-13 17:15:00'),
(307, 3002, 114, '2024-03-13 18:00:00'),
(301,3003, 106,'2024-03-14 10:10:00'),
(301, 3004, 104, '2024-03-14 11:00:00'),

(305, 3010, 101, '2024-03-14 10:00:00'),
(305, 3011, 103, '2024-03-14 09:00:00'),
(311, 3012, 105, '2024-03-14 08:00:00'),
(315, 3014, 109, '2024-03-14 09:30:00'),
(315, 3005, 107, '2024-03-14 10:15:00'),
(301, 3006, 111, '2024-03-14 11:45:00'),
(305, 3007, 113, '2024-03-14 13:00:00'),
(307, 3008, 115, '2024-03-14 14:30:00'),
(311, 3009, 102, '2024-03-14 15:45:00'),
(315, 3001, 104, '2024-03-14 16:30:00'),
(301, 3003, 106, '2024-03-14 17:15:00'),
(307, 3004, 108, '2024-03-14 18:00:00');


INSERT INTO INVOICE_DETAIL (Inv_id, Doc_App_ID, Pat_App_ID, Fac_App_ID,App_Date_Time, Cost) 
VALUES 
 
(5001, 305, 3001, 115, '2024-04-20 10:00:00', 200.00), 
(5002, 305, 3002, 114, '2024-04-20 09:00:00', 150.00),
(5003, 311, 3003, 113, '2024-04-20 08:00:00', 180.00),
(5004, 315, 3004, 112, '2024-04-20 09:30:00', 120.00),
(5005, 315, 3005, 111, '2024-04-20 10:15:00', 150.00),
(5006, 301, 3006, 110, '2024-04-20 11:45:00', 200.00),
(5007, 305, 3007, 101, '2024-04-20 13:00:00', 150.00),
(5008, 307, 3008, 108, '2024-04-20 14:30:00', 180.00),
(5009, 311, 3009, 107, '2024-04-20 15:45:00', 120.00),
(5010, 315, 3011, 106, '2024-04-20 16:30:00', 150.00),
(5011, 301, 3012, 105, '2024-04-20 17:15:00', 200.00),
(5012, 307, 3013, 104, '2024-04-20 18:00:00', 150.00),
(5013, 301, 3014, 103, '2024-04-21 10:10:00', 180.00),
(5014, 301, 3009, 109, '2024-04-21 11:00:00', 200.00),


(5015, 305, 3007, 102, '2024-04-21 10:00:00', 201.00), 
(5016, 305, 3008, 107, '2024-04-21 09:00:00', 152.00),
(5017, 311, 3009, 104, '2024-04-21 08:00:00', 183.00),
(5018, 315, 3010, 103, '2024-04-21 09:30:00', 124.00),
(5019, 315, 3011, 102, '2024-04-21 10:15:00', 155.00),
(5020, 301, 3012, 101, '2024-04-21 11:45:00', 206.00),
(5021, 305, 3013, 109, '2024-04-21 13:00:00', 157.00),
(5022, 307, 3014, 111, '2024-04-21 14:30:00', 188.00),
(5023, 311, 3014, 114, '2024-04-21 15:45:00', 120.00),
(5024, 315, 3001, 113, '2024-04-21 16:30:00', 151.00),
(5025, 301, 3003, 115, '2024-04-21 17:15:00', 202.00),
(5026, 307, 3004, 103, '2024-04-21 18:00:00', 153.00),
(5027, 301, 3005, 106, '2024-04-22 10:10:00', 184.00),
(5028, 301, 3006, 108, '2024-04-22 11:00:00', 205.00),

(5029, 305, 3003, 104, '2024-04-22 10:00:00', 209.00), 
(5030, 305, 3004, 105, '2024-04-22 09:00:00', 158.00),
(5031, 311, 3005, 106, '2024-04-22 08:00:00', 187.00),
(5032, 315, 3006, 107, '2024-04-22 09:30:00', 127.00),
(5033, 315, 3007, 108, '2024-04-22 10:15:00', 157.00),
(5034, 301, 3008, 109, '2024-04-22 11:45:00', 205.00),
(5035, 305, 3009, 110, '2024-04-22 13:00:00', 154.00),
(5036, 307, 3010, 111, '2024-04-22 14:30:00', 183.00),
(5037, 311, 3011, 112, '2024-04-22 15:45:00', 122.00),
(5038, 315, 3012, 113, '2024-04-22 16:30:00', 151.00),
(5039, 301, 3013, 114, '2024-04-22 17:15:00', 207.00),
(5040, 307, 3014, 115, '2024-04-22 18:00:00', 156.00),
(5041, 301, 3001, 102, '2024-04-23 10:10:00', 185.00),
(5042, 301, 3002, 101, '2024-04-23 11:00:00', 204.00),


(5043, 305, 3010, 107, '2024-04-23 10:00:00', 200.00), 
(5044, 305, 3011, 106, '2024-04-23 09:00:00', 350.00),
(5045, 311, 3012, 105, '2024-04-23 08:00:00', 480.00),
(5046, 315, 3013, 104, '2024-04-23 09:30:00', 520.00),
(5047, 315, 3014, 103, '2024-04-23 10:15:00', 650.00),
(5048, 301, 3001, 102, '2024-04-23 11:45:00', 700.00),
(5049, 305, 3009, 101, '2024-04-23 13:00:00', 850.00),
(5050, 307, 3008, 111, '2024-04-23 14:30:00', 180.00),
(5051, 311, 3007, 109, '2024-04-23 15:45:00', 220.00),
(5052, 315, 3006, 112, '2024-04-23 16:30:00', 350.00),
(5053, 301, 3005, 113, '2024-04-23 17:15:00', 400.00),
(5054, 307, 3002, 114, '2024-04-23 18:00:00', 550.00),
(5055, 301, 3003, 106, '2024-04-24 10:10:00', 680.00),
(5056, 301, 3004, 104, '2024-04-24 11:00:00', 700.00),

(5057, 305, 3010, 101, '2024-04-24 10:00:00', 100.00), 
(5058, 305, 3011, 103, '2024-04-24 09:00:00', 250.00),
(5059, 311, 3012, 105, '2024-04-24 08:00:00', 380.00),
(5060, 315, 3014, 109, '2024-04-24 09:30:00', 420.00),
(5061, 315, 3005, 107, '2024-04-24 10:15:00', 450.00),
(5062, 301, 3006, 111, '2024-04-24 11:45:00', 500.00),
(5063, 305, 3007, 113, '2024-04-24 13:00:00', 650.00),
(5064, 307, 3008, 115, '2024-04-24 14:30:00', 780.00),
(5065, 311, 3009, 102, '2024-04-24 15:45:00', 820.00),
(5066, 315, 3001, 104, '2024-04-24 16:30:00', 950.00),
(5067, 301, 3003, 106, '2024-04-24 17:15:00', 200.00),
(5068, 307, 3004, 108, '2024-04-24 18:00:00', 250.00),

(5069, 305, 3006, 110, '2024-04-29 10:00:00', 150.00), 
(5070, 305, 3008, 112, '2024-04-29 09:00:00', 220.00),
(5071, 311, 3009, 114, '2024-04-29 08:00:00', 330.00),
(5072, 315, 3002, 103, '2024-04-29 09:30:00', 440.00),
(5073, 315, 3003, 104, '2024-04-29 10:15:00', 450.00),
(5074, 301, 3005, 105, '2024-04-29 11:45:00', 560.00),
(5075, 305, 3004, 106, '2024-04-29 13:00:00', 670.00),
(5076, 307, 3001, 107, '2024-04-29 14:30:00', 780.00),
(5077, 311, 3012, 108, '2024-04-29 15:45:00', 890.00),
(5078, 315, 3011, 109, '2024-04-29 16:30:00', 920.00),
(5079, 301, 3014, 111, '2024-04-30 17:15:00', 230.00),
(5080, 307, 3013, 101, '2024-04-30 18:00:00', 240.00),

(5081, 305, 3012, 108, '2024-04-30 10:00:00', 200.00), 
(5082, 305, 3011, 109, '2024-04-30 09:00:00', 350.00),
(5083, 311, 3010, 105, '2024-04-30 08:00:00', 580.00),
(5084, 315, 3009, 104, '2024-04-30 09:30:00', 620.00),
(5085, 315, 3008, 103, '2024-04-30 10:15:00', 750.00),
(5086, 301, 3007, 102, '2024-04-30 11:45:00', 800.00),
(5087, 305, 3006, 101, '2024-04-30 13:00:00', 950.00),
(5088, 307, 3005, 113, '2024-04-30 14:30:00', 180.00),
(5089, 311, 3004, 114, '2024-04-30 15:45:00', 220.00),
(5090, 315, 3003, 115, '2024-04-30 16:30:00', 350.00),


(5091, 305, 3001, 115, '2024-03-10 10:00:00', 300.00), 
(5092, 305, 3002, 114, '2024-03-10 09:00:00', 450.00),
(5093, 311, 3003, 113, '2024-03-10 08:00:00', 580.00),
(5094, 315, 3004, 112, '2024-03-10 09:30:00', 620.00),
(5095, 315, 3005, 111, '2024-03-10 10:15:00', 750.00),
(5096, 301, 3006, 110, '2024-03-10 11:45:00', 800.00),
(5097, 305, 3007, 101, '2024-03-10 13:00:00', 950.00),
(5098, 307, 3008, 108, '2024-03-10 14:30:00', 280.00),
(5099, 311, 3009, 107, '2024-03-10 15:45:00', 220.00),
(5100, 315, 3011, 106, '2024-03-10 16:30:00', 350.00),
(5101, 301, 3012, 105, '2024-03-10 17:15:00', 400.00),
(5102, 307, 3013, 104, '2024-03-10 18:00:00', 750.00),
(5103, 301, 3014, 103, '2024-03-11 10:10:00', 580.00),
(5104, 301, 3009, 109, '2024-03-11 11:00:00', 300.00),


(5105, 305, 3007, 102, '2024-03-11 10:00:00', 211.00), 
(5106, 305, 3008, 107, '2024-03-11 09:00:00', 122.00),
(5107, 311, 3009, 104, '2024-03-11 08:00:00', 133.00),
(5108, 315, 3010, 103, '2024-03-11 09:30:00', 144.00),
(5109, 315, 3011, 102, '2024-03-11 10:15:00', 165.00),
(5110, 301, 3012, 101, '2024-03-11 11:45:00', 276.00),
(5111, 305, 3013, 109, '2024-03-11 13:00:00', 187.00),
(5112, 307, 3014, 111, '2024-03-11 14:30:00', 198.00),
(5113, 311, 3014, 114, '2024-03-11 15:45:00', 130.00),
(5114, 315, 3001, 113, '2024-03-11 16:30:00', 121.00),
(5115, 301, 3003, 115, '2024-03-11 17:15:00', 212.00),
(5116, 307, 3004, 103, '2024-03-11 18:00:00', 123.00),
(5117, 301, 3005, 106, '2024-03-12 10:10:00', 134.00),
(5118, 301, 3006, 108, '2024-03-12 11:00:00', 245.00),

(5119, 305, 3003, 104, '2024-03-12 10:00:00', 205.00), 
(5120, 305, 3004, 105, '2024-03-12 09:00:00', 156.00),
(5121, 311, 3005, 106, '2024-03-12 08:00:00', 187.00),
(5122, 315, 3006, 107, '2024-03-12 09:30:00', 128.00),
(5123, 315, 3007, 108, '2024-03-12 10:15:00', 159.00),
(5124, 301, 3008, 109, '2024-03-12 11:45:00', 200.00),
(5125, 305, 3009, 110, '2024-03-12 13:00:00', 151.00),
(5126, 307, 3010, 111, '2024-03-12 14:30:00', 182.00),
(5127, 311, 3011, 112, '2024-03-12 15:45:00', 123.00),
(5128, 315, 3012, 113, '2024-03-12 16:30:00', 154.00),
(5129, 301, 3013, 114, '2024-03-12 17:15:00', 205.00),
(5130, 307, 3014, 115, '2024-03-12 18:00:00', 156.00),
(5131, 301, 3001, 102, '2024-03-13 10:10:00', 187.00),
(5132, 301, 3002, 101, '2024-03-13 11:00:00', 208.00),

(5133, 305, 3010, 107, '2024-03-13 10:00:00', 204.00), 
(5134, 305, 3011, 106, '2024-03-13 09:00:00', 353.00),
(5135, 311, 3012, 105, '2024-03-13 08:00:00', 482.00),
(5136, 315, 3013, 104, '2024-03-13 09:30:00', 521.00),
(5137, 315, 3014, 103, '2024-03-13 10:15:00', 650.00),
(5138, 301, 3001, 102, '2024-03-13 11:45:00', 709.00),
(5139, 305, 3009, 101, '2024-03-13 13:00:00', 858.00),
(5140, 307, 3008, 111, '2024-03-13 14:30:00', 187.00),
(5141, 311, 3007, 109, '2024-03-13 15:45:00', 226.00),
(5142, 315, 3006, 112, '2024-03-13 16:30:00', 355.00),
(5143, 301, 3005, 113, '2024-03-13 17:15:00', 404.00),
(5144, 307, 3002, 114, '2024-03-13 18:00:00', 553.00),
(5145, 301, 3003, 106, '2024-03-14 10:10:00', 682.00),
(5146, 301, 3004, 104, '2024-03-14 11:00:00', 701.00),

(5147, 305, 3010, 101, '2024-03-14 10:00:00', 100.00), 
(5148, 305, 3011, 103, '2024-03-14 09:00:00', 250.00),
(5149, 311, 3012, 105, '2024-03-14 08:00:00', 380.00),
(5150, 315, 3014, 109, '2024-03-14 09:30:00', 420.00),
(5151, 315, 3005, 107, '2024-03-14 10:15:00', 450.00),
(5152, 301, 3006, 111, '2024-03-14 11:45:00', 500.00),
(5153, 305, 3007, 113, '2024-03-14 13:00:00', 650.00),
(5154, 307, 3008, 115, '2024-03-14 14:30:00', 780.00),
(5155, 311, 3009, 102, '2024-03-14 15:45:00', 820.00),
(5156, 315, 3001, 104, '2024-03-14 16:30:00', 950.00),
(5157, 301, 3003, 106, '2024-03-14 17:15:00', 200.00),
(5158, 307, 3004, 108, '2024-03-14 18:00:00', 250.00);

INSERT INTO INVOICE (Inv_id, Inv_Ins_id, Inv_date, Inv_amt) 
VALUES 
(5001, 2003, '2024-04-20', 200.00),
(5002, 2004, '2024-04-20', 150.00),
(5003, 2005, '2024-04-20', 180.00),
(5004, 2006, '2024-04-20', 120.00),
(5005, 2007, '2024-04-20', 150.00),
(5006, 2008, '2024-04-20', 200.00),
(5007, 2009, '2024-04-20', 150.00),
(5008, 2010, '2024-04-20', 180.00),
(5009, 2011, '2024-04-20', 120.00),
(5010, 2012, '2024-04-20', 150.00),
(5011, 2013, '2024-04-20', 200.00),
(5012, 2014, '2024-04-20', 150.00),
(5013, 2001, '2024-04-21', 180.00),
(5014, 2002, '2024-04-21', 200.00),


(5015, 2001, '2024-04-21', 201.00), 
(5016, 2006, '2024-04-21', 152.00),
(5017, 2007, '2024-04-21', 183.00),
(5018, 2008,'2024-04-21', 124.00),
(5019, 2009, '2024-04-21', 155.00),
(5020, 2010, '2024-04-21', 206.00),
(5021, 2011, '2024-04-21', 157.00),
(5022, 2002, '2024-04-21', 188.00),
(5023, 2003, '2024-04-21', 120.00),
(5024, 2004, '2024-04-21', 151.00),
(5025, 2005, '2024-04-21', 202.00),
(5026,  2012, '2024-04-21', 153.00),
(5027,  2013, '2024-04-22', 184.00),
(5028,  2014, '2024-04-22', 205.00),

(5029, 2014, '2024-04-22', 209.00), 
(5030, 2013, '2024-04-22', 158.00),
(5031, 2001, '2024-04-22', 187.00),
(5032, 2002, '2024-04-22', 127.00),
(5033, 2003, '2024-04-22', 157.00),
(5034, 2004, '2024-04-22', 205.00),
(5035,  2005, '2024-04-22', 154.00),
(5036,  2006, '2024-04-22', 183.00),
(5037, 2007, '2024-04-22', 122.00),
(5038,  2008, '2024-04-22', 151.00),
(5039,  2009, '2024-04-22', 207.00),
(5040,  2010, '2024-04-22', 156.00),
(5041,  2011, '2024-04-23', 185.00),
(5042, 2012, '2024-04-23', 204.00),


(5043,  2003, '2024-04-23', 200.00), 
(5044, 2004,  '2024-04-23', 350.00),
(5045, 2005,  '2024-04-23', 480.00),
(5046, 2006,  '2024-04-23', 520.00),
(5047, 2007,  '2024-04-23', 650.00),
(5048, 2008,  '2024-04-23', 700.00),
(5049, 2009,  '2024-04-23', 850.00),
(5050, 2010,  '2024-04-23', 180.00),
(5051, 2011,  '2024-04-23', 220.00),
(5052, 2012,  '2024-04-23', 350.00),
(5053, 2013,  '2024-04-23', 400.00),
(5054, 2014,  '2024-04-23', 550.00),
(5055, 2001,  '2024-04-24', 680.00),
(5056, 2002,  '2024-04-24', 700.00),

(5057,  2004, '2024-04-24', 100.00), 
(5058, 2005,  '2024-04-24', 250.00),
(5059, 2006,  '2024-04-24', 380.00),
(5060, 2007,  '2024-04-24', 420.00),
(5061, 2008,  '2024-04-24', 450.00),
(5062, 2009,  '2024-04-24', 500.00),
(5063, 2001,  '2024-04-24', 650.00),
(5064, 2011,  '2024-04-24', 780.00),
(5065, 2010,  '2024-04-24', 820.00),
(5066, 2012,  '2024-04-24', 950.00),
(5067, 2014,  '2024-04-24', 200.00),
(5068, 2013,  '2024-04-24', 250.00),

(5069, 2007, '2024-04-29', 150.00), 
(5070, 2006,  '2024-04-29', 220.00),
(5071, 2005,  '2024-04-29', 330.00),
(5072, 2004, '2024-04-29', 440.00),
(5073, 2003,  '2024-04-29', 450.00),
(5074, 2002, '2024-04-29', 560.00),
(5075, 2001, '2024-04-29', 670.00),
(5076, 2014,  '2024-04-29', 780.00),
(5077, 2013,  '2024-04-29', 890.00),
(5078, 2012,  '2024-04-29', 920.00),
(5079, 2011,  '2024-04-30', 230.00),
(5080, 2010,  '2024-04-30', 240.00),

(5081, 2014, '2024-04-30', 200.00), 
(5082, 2011, '2024-04-30', 350.00),
(5083, 2010, '2024-04-30', 580.00),
(5084, 2009, '2024-04-30', 620.00),
(5085, 2008, '2024-04-30', 750.00),
(5086, 2007, '2024-04-30', 800.00),
(5087, 2005, '2024-04-30', 950.00),
(5088, 2004, '2024-04-30', 180.00),
(5089, 2002, '2024-04-30', 220.00),
(5090, 2001, '2024-04-30', 350.00),



(5091, 2003, '2024-03-10', 300.00),
(5092, 2004, '2024-03-10', 450.00),
(5093, 2005, '2024-03-10', 580.00),
(5094, 2006, '2024-03-10', 620.00),
(5095, 2007, '2024-03-10', 750.00),
(5096, 2008, '2024-03-10', 800.00),
(5097, 2009, '2024-03-10', 950.00),
(5098, 2010, '2024-03-10', 280.00),
(5099, 2011, '2024-03-10', 220.00),
(5100, 2012, '2024-03-10', 350.00),
(5101, 2013, '2024-03-10', 400.00),
(5102, 2014, '2024-03-10', 750.00),
(5103, 2001, '2024-03-11', 580.00),
(5104, 2002, '2024-03-11', 300.00),


(5105, 2001, '2024-03-11', 211.00), 
(5106, 2006, '2024-03-11', 122.00),
(5107, 2007, '2024-03-11', 133.00),
(5108, 2008,'2024-03-11', 144.00),
(5109, 2009, '2024-03-11', 165.00),
(5110, 2010, '2024-03-11', 276.00),
(5111, 2011, '2024-03-11', 187.00),
(5112, 2002, '2024-03-11', 198.00),
(5113, 2003, '2024-03-11', 130.00),
(5114, 2004, '2024-03-11', 121.00),
(5115, 2005, '2024-03-11', 212.00),
(5116,  2012, '2024-03-11', 123.00),
(5117,  2013, '2024-03-12', 134.00),
(5118,  2014, '2024-03-12', 245.00),

(5119, 2014, '2024-03-12', 205.00), 
(5120, 2013, '2024-03-12', 156.00),
(5121, 2001, '2024-03-12', 187.00),
(5122, 2002, '2024-03-12', 128.00),
(5123, 2003, '2024-03-12', 159.00),
(5124, 2004, '2024-03-12', 200.00),
(5125,  2005, '2024-03-12', 151.00),
(5126,  2006, '2024-03-12', 182.00),
(5127, 2007, '2024-03-12', 123.00),
(5128,  2008, '2024-03-12', 154.00),
(5129,  2009, '2024-03-12', 205.00),
(5130,  2010, '2024-03-12', 156.00),
(5131,  2011, '2024-03-13', 187.00),
(5132, 2012, '2024-03-13', 208.00),


(5133,  2003, '2024-03-13', 204.00), 
(5134, 2004,  '2024-03-13', 353.00),
(5135, 2005,  '2024-03-13', 482.00),
(5136, 2006,  '2024-03-13', 521.00),
(5137, 2007,  '2024-03-13', 650.00),
(5138, 2008,  '2024-03-13', 709.00),
(5139, 2009,  '2024-03-13', 858.00),
(5140, 2010,  '2024-03-13', 187.00),
(5141, 2011,  '2024-03-13', 226.00),
(5142, 2012,  '2024-03-13', 355.00),
(5143, 2013,  '2024-03-13', 404.00),
(5144, 2014,  '2024-03-13', 553.00),
(5145, 2001,  '2024-03-14', 682.00),
(5146, 2002,  '2024-03-14', 701.00),

(5147,  2004, '2024-03-14', 100.00), 
(5148, 2005,  '2024-03-14', 250.00),
(5149, 2006,  '2024-03-14', 380.00),
(5150, 2007,  '2024-03-14', 420.00),
(5151, 2008,  '2024-03-14', 450.00),
(5152, 2009,  '2024-03-14', 500.00),
(5153, 2001,  '2024-03-14', 650.00),
(5154, 2011,  '2024-03-14', 780.00),
(5155, 2010,  '2024-03-14', 820.00),
(5156, 2012,  '2024-03-14', 950.00),
(5157, 2014,  '2024-03-14', 200.00),
(5158, 2013,  '2024-03-14', 250.00);